13
new block,GeneratedSentences_Loc_2015_4_7_17_18_17.mat
 6,36,the,very,big,dolls,have,appeared
 1,36,the
 8,36,girl,the,explode,have,carts,trucks,that,appeared
 1,36,trucks
 5,36,a,this,polished,will,dolls
 1,36,polished
 4,36,boy,car,the,paint
 1,36,explode
 8,36,this,boy,will,very,quickly,paint,that,car
 1,36,polished
 4,36,the,fifty,trucks,explode
 1,36,paint
 5,36,a,girl,polished,the,carts
 1,36,the
 7,36,quickly,very,the,big,fifty,explode,trucks
 1,36,a
new block,GeneratedSentences_Main_2015_4_7_17_18_19.mat
11,36,in,the,car,that,little,doll,very,slowly,nudged,this,truck
 6,36,that,little,doll,will,nudge,it
12,36,near,a,big,waitress,these,fifty,very,large,actors,paint,some,cars
 7,36,these,fifty,very,large,actresses,paint,them
13,36,near,some,dolls,the,two,carts,have,quickly,pushed,three,very,little,trucks
 6,36,the,two,carts,have,scared,them
11,36,near,the,boys,that,very,huge,doll,will,thrill,some,waiters
 7,36,near,the,boys,it,will,thrill,them
13,36,by,some,little,trucks,a,girl,has,quickly,cleaned,that,very,tiny,cart
 4,36,she,has,cleaned,it
13,36,near,the,man,a,happy,actress,will,very,slowly,greet,these,little,boys
 4,36,she,will,greet,them
new block,GeneratedSentences_Jab_2015_4_7_17_18_22.mat
13,36,by,that,very,rog,flurk,a,rab,has,tidged,the,three,nedge,birks
 4,36,a,rab,tidges,them
13,36,near,these,dontresses,the,sixty,birks,have,very,drockly,thrimbed,two,foddy,ganters
 4,36,they,will,thrimb,them
12,36,near,those,brell,donters,a,very,slithy,uptress,will,praim,a,glirt
 8,36,near,those,brell,donters,she,will,praim,it
13,36,in,the,flurks,the,two,rog,birks,will,very,drockly,scrite,this,glirt
 4,36,they,will,scrite,it
10,36,near,this,gantress,these,very,nedge,glirts,aldice,the,slounders
 6,36,these,very,nedge,glirts,aldice,them
12,36,near,the,brillig,rabs,that,very,slithy,flurk,plagly,sellified,fifty,slounders
 3,36,they,sellified,them
new block,GeneratedSentences_Loc_2015_4_7_17_18_25.mat
 8,36,the,dolls,near,those,carts,very,quickly,appeared
 1,36,near
 5,36,these,tiny,cars,have,exploded
 1,36,fall
 7,36,the,boy,has,attacked,fifty,dejected,men
 1,36,tiny
 8,36,boy,the,near,truck,those,a,fall,carts
 1,36,near
 5,36,cars,dolls,fifty,exploded,the
 1,36,fifty
 4,36,very,has,men,dejected
 1,36,truck
 6,36,attacked,have,will,tiny,these,appeared
 1,36,a
 4,36,a,truck,will,fall
 1,36,will
new block,GeneratedSentences_Main_2015_4_7_17_18_25.mat
11,36,near,that,girl,that,woman,very,slowly,met,two,tiny,waitresses
 3,36,she,met,her
12,36,by,the,dolls,this,cart,has,struck,the,fifty,very,large,cars
 5,36,this,cart,has,struck,them
12,36,near,the,very,big,girls,the,sixty,small,cars,scare,the,actor
 6,36,the,sixty,big,cars,scare,him
13,36,by,the,trucks,a,very,huge,doll,will,quickly,terrify,the,dejected,waiter
 4,36,it,will,terrify,him
10,36,near,that,waitress,these,very,miserable,actresses,polish,the,car
 4,36,they,polish,the,car
11,36,near,these,very,big,carts,sixty,women,fought,that,dejected,boy
 4,36,sixty,women,fought,it
new block,GeneratedSentences_Jab_2015_4_7_17_18_28.mat
11,36,on,that,nedge,flurk,that,very,dag,birk,balts,some,rabs
 3,36,they,balt,them
11,36,near,the,gantress,a,very,bap,sloundress,firged,the,brell,dontress
 3,36,she,firged,her
11,36,near,an,uptress,fifty,ganters,drockly,slooned,the,very,slithy,glirt
 6,36,they,slooned,the,very,slithy,glirt
11,36,near,the,very,bap,uptor,the,rabs,plagly,swire,the,donter
 3,36,they,swire,them
12,36,by,these,brell,rabs,this,very,slithy,flurk,will,swire,this,uptor
 4,36,it,will,swire,him
13,36,near,the,glirts,a,brillig,birk,has,very,plagly,rasked,those,three,rabs
 7,36,near,the,glirts,it,will,rask,them
new block,GeneratedSentences_Jab_2015_4_7_17_18_28.mat
11,36,on,that,nedge,flurk,that,very,dag,birk,balts,some,rabs
 3,36,they,balt,them
11,36,near,the,gantress,a,very,bap,sloundress,firged,the,brell,dontress
 3,36,she,firged,her
11,36,near,an,uptress,fifty,ganters,drockly,slooned,the,very,slithy,glirt
 6,36,they,slooned,the,very,slithy,glirt
11,36,near,the,very,bap,uptor,the,rabs,plagly,swire,the,donter
 3,36,they,swire,them
12,36,by,these,brell,rabs,this,very,slithy,flurk,will,swire,this,uptor
 4,36,it,will,swire,him
13,36,near,the,glirts,a,brillig,birk,has,very,plagly,rasked,those,three,rabs
 7,36,near,the,glirts,it,will,rask,them
new block,GeneratedSentences_Main_2015_4_7_17_18_30.mat
13,36,near,the,small,doll,some,very,tiny,carts,will,slowly,amuse,three,waiters
 4,36,they,will,amuse,them
12,36,near,this,joyful,actress,the,actor,has,repaired,the,very,big,car
 4,36,he,has,cleaned,it
12,36,near,some,dejected,men,the,trucks,very,quickly,bumped,those,three,dolls
 3,36,it,bumped,them
13,36,near,the,very,small,carts,the,fifty,women,will,meet,a,happy,actress
 9,36,near,the,very,small,cars,they,will,meet,her
10,36,near,that,very,tiny,man,sixty,trucks,strike,the,car
 4,36,they,strike,the,car
12,36,near,some,men,the,two,carts,terrified,the,three,very,big,actresses
 3,36,they,terrified,them
new block,GeneratedSentences_Jab_2015_4_7_17_18_32.mat
13,36,near,a,glirt,those,sixty,brell,sloundresses,will,very,drockly,retove,the,birks
 3,36,they,retove,them
11,36,near,the,rog,rab,this,very,nedge,flurk,rasked,the,birk
 4,36,it,rasked,the,birk
13,36,near,some,very,taferable,dontresses,some,uptresses,have,plagly,plurted,those,three,ganters
 4,36,they,have,plurted,them
12,36,by,some,very,brillig,rabs,these,fifty,nedge,flurks,sellify,a,sloundress
 3,36,they,sellify,them
11,36,by,some,birks,an,uptor,will,drockly,woat,a,foddy,slounder
 5,36,an,uptor,will,woat,him
12,36,near,a,brell,gantress,the,two,very,brillig,glirts,thrimbed,that,ganter
 4,36,they,thrimb,that,ganter
